"Url","FileName"
"https://www.ledyilighting.com/wp-content/uploads/2025/02/APA102-1515-datasheet.pdf","APA102-1515-datasheet.pdf"
"https://www.ledyilighting.com/wp-content/uploads/2025/02/APA102-2020-datasheet.pdf","APA102-2020-datasheet.pdf"
"https://www.ledyilighting.com/wp-content/uploads/2025/02/APA102-datasheet.pdf","APA102-datasheet.pdf"
"https://www.ledyilighting.com/wp-content/uploads/2025/02/APA107-datasheet.pdf","APA107-datasheet.pdf"
"https://www.ledyilighting.com/wp-content/uploads/2025/02/CS8812-datasheet.pdf","CS8812-datasheet.pdf"
"https://www.ledyilighting.com/wp-content/uploads/2025/02/FW1906-datasheet.pdf","FW1906-datasheet.pdf"
"https://www.ledyilighting.com/wp-content/uploads/2025/02/GS8206-datasheet.pdf","GS8206-datasheet.pdf"
"https://www.ledyilighting.com/wp-content/uploads/2025/02/GS8208-datasheet.pdf","GS8208-datasheet.pdf"
"https://www.ledyilighting.com/wp-content/uploads/2025/02/GS8208B-datasheet.pdf","GS8208B-datasheet.pdf"
"https://www.ledyilighting.com/wp-content/uploads/2025/02/HC2912C-2020-datasheet.pdf","HC2912C-2020-datasheet.pdf"
"https://www.ledyilighting.com/wp-content/uploads/2025/02/HD107S-datasheet.pdf","HD107S-datasheet.pdf"
"https://www.ledyilighting.com/wp-content/uploads/2025/02/HD108-datasheet.pdf","HD108-datasheet.pdf"
"https://www.ledyilighting.com/wp-content/uploads/2025/02/LB1908-datasheet.pdf","LB1908-datasheet.pdf"
"https://www.ledyilighting.com/wp-content/uploads/2025/02/LPD6803-datasheet.pdf","LPD6803-datasheet.pdf"
"https://www.ledyilighting.com/wp-content/uploads/2025/02/SK6812-datasheet.pdf","SK6812-datasheet.pdf"
"https://www.ledyilighting.com/wp-content/uploads/2025/02/SK6812-White-datasheet.pdf","SK6812-White-datasheet.pdf"
"https://www.ledyilighting.com/wp-content/uploads/2025/02/SK6813-datasheet.pdf","SK6813-datasheet.pdf"
"https://www.ledyilighting.com/wp-content/uploads/2025/02/SK6813HV-datasheet.pdf","SK6813HV-datasheet.pdf"
"https://www.ledyilighting.com/wp-content/uploads/2025/02/SM16703P-datasheet.pdf","SM16703P-datasheet.pdf"
"https://www.ledyilighting.com/wp-content/uploads/2025/02/SM16703SP-datasheet.pdf","SM16703SP-datasheet.pdf"
"https://www.ledyilighting.com/wp-content/uploads/2025/02/SM16704-datasheet.pdf","SM16704-datasheet.pdf"
"https://www.ledyilighting.com/wp-content/uploads/2025/02/SM16704PB-datasheet.pdf","SM16704PB-datasheet.pdf"
"https://www.ledyilighting.com/wp-content/uploads/2025/02/SM16716-datasheet.pdf","SM16716-datasheet.pdf"
"https://www.ledyilighting.com/wp-content/uploads/2025/02/TM1803-datasheet.pdf","TM1803-datasheet.pdf"
"https://www.ledyilighting.com/wp-content/uploads/2025/02/TM1804-datasheet.pdf","TM1804-datasheet.pdf"
"https://www.ledyilighting.com/wp-content/uploads/2025/02/TM1809-datasheet.pdf","TM1809-datasheet.pdf"
"https://www.ledyilighting.com/wp-content/uploads/2025/02/TM1812-datasheet.pdf","TM1812-datasheet.pdf"
"https://www.ledyilighting.com/wp-content/uploads/2025/02/TM1814-datasheet.pdf","TM1814-datasheet.pdf"
"https://www.ledyilighting.com/wp-content/uploads/2025/02/TM1829-datasheet.pdf","TM1829-datasheet.pdf"
"https://www.ledyilighting.com/wp-content/uploads/2025/02/TM1903-datasheet.pdf","TM1903-datasheet.pdf"
"https://www.ledyilighting.com/wp-content/uploads/2025/02/TM1914-datasheet.pdf","TM1914-datasheet.pdf"
"https://www.ledyilighting.com/wp-content/uploads/2025/02/TM1934-datasheet.pdf","TM1934-datasheet.pdf"
"https://www.ledyilighting.com/wp-content/uploads/2025/02/UCS1903-datasheet.pdf","UCS1903-datasheet.pdf"
"https://www.ledyilighting.com/wp-content/uploads/2025/02/UCS2903-datasheet.pdf","UCS2903-datasheet.pdf"
"https://www.ledyilighting.com/wp-content/uploads/2025/02/UCS2904-datasheet.pdf","UCS2904-datasheet.pdf"
"https://www.ledyilighting.com/wp-content/uploads/2025/02/UCS5603-datasheet.pdf","UCS5603-datasheet.pdf"
"https://www.ledyilighting.com/wp-content/uploads/2025/02/UCS7604-datasheet.pdf","UCS7604-datasheet.pdf"
"https://www.ledyilighting.com/wp-content/uploads/2025/02/UCS8903-datasheet.pdf","UCS8903-datasheet.pdf"
"https://www.ledyilighting.com/wp-content/uploads/2025/02/UCS8904-datasheet.pdf","UCS8904-datasheet.pdf"
"https://www.ledyilighting.com/wp-content/uploads/2025/02/UCS8904B-datasheet.pdf","UCS8904B-datasheet.pdf"
"https://www.ledyilighting.com/wp-content/uploads/2025/02/UCS9812-datasheet.pdf","UCS9812-datasheet.pdf"
"https://www.ledyilighting.com/wp-content/uploads/2025/02/WS2801-datasheet.pdf","WS2801-datasheet.pdf"
"https://www.ledyilighting.com/wp-content/uploads/2025/02/WS2801S-datasheet.pdf","WS2801S-datasheet.pdf"
"https://www.ledyilighting.com/wp-content/uploads/2025/02/WS2805-datasheet.pdf","WS2805-datasheet.pdf"
"https://www.ledyilighting.com/wp-content/uploads/2025/02/WS2811-datasheet.pdf","WS2811-datasheet.pdf"
"https://www.ledyilighting.com/wp-content/uploads/2025/02/WS2811C-datasheet.pdf","WS2811C-datasheet.pdf"
"https://www.ledyilighting.com/wp-content/uploads/2025/02/WS2812B-datasheet.pdf","WS2812B-datasheet.pdf"
"https://www.ledyilighting.com/wp-content/uploads/2025/02/WS2812B-V5W-datasheet.pdf","WS2812B-V5W-datasheet.pdf"
"https://www.ledyilighting.com/wp-content/uploads/2025/02/WS2812C-datasheet.pdf","WS2812C-datasheet.pdf"
"https://www.ledyilighting.com/wp-content/uploads/2025/02/WS2813-datasheet.pdf","WS2813-datasheet.pdf"
"https://www.ledyilighting.com/wp-content/uploads/2025/02/WS2813-RGBW-datasheet.pdf","WS2813-RGBW-datasheet.pdf"
"https://www.ledyilighting.com/wp-content/uploads/2025/02/WS2813B-V5W-datasheet.pdf","WS2813B-V5W-datasheet.pdf"
"https://www.ledyilighting.com/wp-content/uploads/2025/02/WS2814-datasheet.pdf","WS2814-datasheet.pdf"
"https://www.ledyilighting.com/wp-content/uploads/2025/02/WS2814A-datasheet.pdf","WS2814A-datasheet.pdf"
"https://www.ledyilighting.com/wp-content/uploads/2025/02/WS2814B-datasheet.pdf","WS2814B-datasheet.pdf"
"https://www.ledyilighting.com/wp-content/uploads/2025/02/WS2814C-datasheet.pdf","WS2814C-datasheet.pdf"
"https://www.ledyilighting.com/wp-content/uploads/2025/02/WS2815-datasheet.pdf","WS2815-datasheet.pdf"
"https://www.ledyilighting.com/wp-content/uploads/2025/02/WS2815B-datasheet.pdf","WS2815B-datasheet.pdf"
"https://www.ledyilighting.com/wp-content/uploads/2025/02/WS2818-datasheet.pdf","WS2818-datasheet.pdf"
"https://www.ledyilighting.com/wp-content/uploads/2025/02/WS2818B-datasheet.pdf","WS2818B-datasheet.pdf"
